23,"t","Cattle Death Loss: Released May 5, 2006, by the National Agricultural Statistics Service (NASS), Agricultural Statistics Board, U.S. Department of Agriculture."
23,"t","Losses of Cattle and Calves:  Predator and Non-Predator"
23,"t","Number of Head and Total Value, United States, 2005 1/"
23,"h","","","",""
23,"h","","Number","","Total"
23,"h","Cause","of Head","% of Total","Value"
23,"h","","","",""
23,"u","","Number","Percent","1,000 Dollars"
23,"d","Predator",,,
23,"d","  Coyotes",97000,51.1,43911
23,"d","  Dogs",21900,11.5,10786
23,"d","  Mountain Lions",,,
23,"d","   & Bobcats 2/",14700,7.7,7590
23,"d","  Vultures 3/",8600,4.5,3807
23,"d","  Wolves",4400,2.3,2087
23,"d","  Bears",2800,1.5,1453
23,"d","  Other Predators",9300,4.9,5735
23,"d","  Unknown Predators 4/",31300,16.5,17305
23,"d","",,,
23,"d","  Total Predator",190000,100.0,92674
23,"d",""
23,"d","Non-Predator",,,
23,"d","  Digestive Problems",648000,16.8,367441
23,"d","  Respiratory Problems",1110000,28.7,692430
23,"d","  Metabolic Problems",78000,2.0,64991
23,"d","  Mastitis",67000,1.7,64695
23,"d","  Other Diseases",174000,4.5,124833
23,"d","  Lameness/Injury",132000,3.4,104427
23,"d","  Weather Related",275000,7.1,172491
23,"d","  Calving Problems",572000,14.8,328193
23,"d","  Poisoning",39000,1.0,28736
23,"d","  Theft",21000,0.5,13920
23,"d","  Other Non-Predator",271000,7.0,225066
23,"d","  Unknown Non-Predator",474000,12.3,311352
23,"d","",,,
23,"d","  Total Non-Predator",3861000,100.0,2498575
23,"d","",,,
23,"d","US Total",4051000,100.0,2591249
23,"c",""
23,"f","1/  Totals may not add due to rounding.  Cattle includes all cows, bulls, steers, and heifers weighing over 500 pounds.  This includes beef and milk breeds as well as cattle on feed.  Calves include beef and milk breed steers, heifers, and bulls weighing less than 500 pounds."
23,"f","2/  Includes cougars, pumas, and lynx."
23,"f","3/  Reports of death loss to cattle/calves by vultures is primarily due to black vultures and will occur only in states where this species ranges.  See range map of black vultures at:  http:/www.birds.cornell.edu/AllAboutBirds/Bird Guide/Black_Vulture_dtl.html map."
23,"f","4/  The category of unknown predators was not included in the 'Cattle Predator Loss' report released May 2001."
2,"t","Cattle Death Loss: Released May 5, 2006, by the National Agricultural Statistics Service (NASS), Agricultural Statistics Board, U.S. Department of Agriculture."
2,"t","Losses of Cattle and Calves:  By All Causes, Predators and Non-Predators,"
2,"t","Number by State and United States, 2005 1/"
2,"h","","","","","","",""
2,"h","","All Causes","All Causes","Predators","Predators","Non-Predators","Non-Predators"
2,"h","","","","","","",""
2,"h","State","Cattle","Calves","Cattle","Calves","Cattle","Calves"
2,"h","","","","","","",""
2,"u","","Head","Head","Head","Head","Head","Head"
2,"d","AL",21000,28000,1500,5500,19500,22500
2,"d","AZ",24000,22000,700,2600,23300,19400
2,"d","AR",30000,43000,1800,4500,28200,38500
2,"d","CA",100000,165000,1400,5100,98600,159900
2,"d","CO",50000,55000,700,4000,49300,51000
2,"d","CT",900,1000,,,900,1000
2,"d","DE",600,700,,,600,700
2,"d","FL",25000,35000,1700,6100,23300,28900
2,"d","GA",21000,31000,1700,5900,19300,25100
2,"d","HI",3000,2000,200,300,2800,1700
2,"d","ID",42000,63000,500,2000,41500,61000
2,"d","IL",21000,35000,200,2200,20800,32800
2,"d","IN",15000,29000,300,1200,14700,27800
2,"d","IA",65000,110000,,1400,65000,108600
2,"d","KS",135000,70000,700,3900,134300,66100
2,"d","KY",35000,76000,1400,5800,33600,70200
2,"d","LA",26000,20000,900,3700,25100,16300
2,"d","ME",1600,3100,,,1600,3100
2,"d","MD",3000,5000,,100,3000,4900
2,"d","MA",1000,1000,,100,1000,900
2,"d","MI",25000,47000,,400,25000,46600
2,"d","MN",42000,82000,100,1700,41900,80300
2,"d","MS",22000,29000,1200,2600,20800,26400
2,"d","MO",70000,120000,1400,4000,68600,116000
2,"d","MT",20000,46000,600,2400,19400,43600
2,"d","NE",95000,75000,500,2200,94500,72800
2,"d","NV",6000,13000,200,1100,5800,11900
2,"d","NH",800,1000,,,800,1000
2,"d","NJ",1000,1000,,,1000,1000
2,"d","NM",26000,35000,2200,4800,23800,30200
2,"d","NY",35000,50000,100,800,34900,49200
2,"d","NC",15000,22000,500,1800,14500,20200
2,"d","ND",12000,40000,500,2300,11500,37700
2,"d","OH",22000,33000,400,1900,21600,31100
2,"d","OK",100000,135000,2000,9600,98000,125400
2,"d","OR",23000,42000,400,4100,22600,37900
2,"d","PA",33000,45000,1000,2000,32000,43000
2,"d","RI",100,200,,,100,200
2,"d","SC",6000,10000,200,1400,5800,8600
2,"d","SD",53000,85000,300,2300,52700,82700
2,"d","TN",38000,63000,1200,5400,36800,57600
2,"d","TX",300000,270000,4100,35000,295900,235000
2,"d","UT",15000,26000,100,2500,14900,23500
2,"d","VT",6000,8000,100,200,5900,7800
2,"d","VA",27000,56000,1400,3800,25600,52200
2,"d","WA",21000,23000,900,1600,20100,21400
2,"d","WV",7000,11000,100,1500,6900,9500
2,"d","WI",65000,140000,300,2700,64700,137300
2,"d","WY",11000,31000,500,3500,10500,27500
2,"d","",,,,,,
2,"d","US",1717000,2334000,34000,156000,1683000,2178000
2,"c",""
2,"f","1/  Totals may not add due to rounding."
27,"t","Cattle Death Loss: Released May 5, 2006, by the National Agricultural Statistics Service (NASS), Agricultural Statistics Board, U.S. Department of Agriculture."
27,"t","Losses of Cattle and Calves from Predators and Non-Predator Causes:"
27,"t","Total Value per Head and Total Value, by State and United States, 2005 1/"
27,"h","","","","","","",""
27,"h","","Value per Head","Value per Head","Total Value","Total Value","Total Value","Total Value"
27,"h","","","","Predator","Predator","Non-Predator","Non-Predator"
27,"h","","","","Losses","Losses","Losses","Losses"
27,"h","","","","","","",""
27,"h","State","Cattle 2/","Calves 3/","Cattle","Calves","Cattle","Calves"
27,"h","","","","","","",""
27,"u","","Dollars","Dollars","1,000 Dollars","1,000 Dollars","1,000 Dollars","1,000 Dollars"
27,"d","AL",864,381,1296,2096,16848,8573
27,"d","AZ",873,378,611,983,20341,7333
27,"d","AR",905,387,1629,1742,25521,14900
27,"d","CA",962,363,1347,1851,94853,58044
27,"d","CO",1045,408,732,1632,51519,20808
27,"d","CT",996,300,,,896,300
27,"d","DE",996,330,,,598,231
27,"d","FL",836,390,1421,2379,19479,11271
27,"d","GA",791,375,1345,2213,15266,9413
27,"d","HI",483,288,97,86,1352,490
27,"d","ID",985,378,493,756,40878,23058
27,"d","IL",989,363,198,799,20571,11906
27,"d","IN",1007,351,302,421,14803,9758
27,"d","IA",1080,393,,550,70200,42680
27,"d","KS",1042,420,729,1638,139941,27762
27,"d","KY",917,369,1284,2140,30811,25904
27,"d","LA",869,369,782,1365,21812,6015
27,"d","ME",996,315,,,1594,977
27,"d","MD",996,330,,33,2988,1617
27,"d","MA",996,300,,30,996,270
27,"d","MI",978,396,,158,24450,18454
27,"d","MN",970,399,97,678,40643,32040
27,"d","MS",864,369,1037,959,17971,9742
27,"d","MO",991,399,1387,1596,67983,46284
27,"d","MT",1129,414,677,994,21903,18050
27,"d","NE",1119,426,560,937,105746,31013
27,"d","NV",1030,411,206,452,5974,4891
27,"d","NH",996,315,,,797,315
27,"d","NJ",996,390,,,996,390
27,"d","NM",991,393,2180,1886,23586,11869
27,"d","NY",996,420,100,336,34760,20664
27,"d","NC",864,357,432,643,12528,7211
27,"d","ND",1153,405,577,932,13260,15269
27,"d","OH",866,354,346,673,18706,11009
27,"d","OK",918,396,1836,3802,89964,49658
27,"d","OR",966,357,386,1464,21832,13530
27,"d","PA",895,396,895,792,28640,17028
27,"d","RI",996,300,,,100,60
27,"d","SC",864,369,173,517,5011,3173
27,"d","SD",1163,411,349,945,61290,33990
27,"d","TN",891,366,1069,1976,32789,21082
27,"d","TX",913,408,3743,14280,270157,95880
27,"d","UT",1030,402,103,1005,15347,9447
27,"d","VT",996,315,100,63,5876,2457
27,"d","VA",854,366,1196,1391,21862,19105
27,"d","WA",1030,375,927,600,20703,8025
27,"d","WV",996,336,100,504,6872,3192
27,"d","WI",959,489,288,1320,62047,67140
27,"d","WY",1113,420,557,1470,11687,11550
27,"d","",,,,,,
27,"d","US 4/",970,396,31587,61087,1634747,863828
27,"c",""
27,"f","1/  Missing data are less than 100 head for the State or not published to avoid disclosure of individual operations.  This data is included in the Unpublished States and in the United States."
27,"f","2/  Cattle value per head is based on a two-year straight average of the value of beef cows reported in the January 1 Cattle survey from 2005 and 2006."
27,"f","3/  Calf value per head is based on the market year average calf price.  An average weight of 300 pounds was used in all States."
27,"f","4/  U.S. value per head rounded to the nearest dollar.  U.S. value per head derived.  Totals may not add due to rounding."
4,"t","Cattle Death Loss: Released May 5, 2006, by the National Agricultural Statistics Service (NASS), Agricultural Statistics Board, U.S. Department of Agriculture."
4,"t","Losses of Cattle and Calves:  Number and Percent by Coyotes and Dogs,"
4,"t","by State and United States, 2005 1/"
4,"h","","","","","","","","",""
4,"h","","Coyotes","Coyotes","Coyotes","Coyotes","Dogs","Dogs","Dogs","Dogs"
4,"h","","","","","","","","",""
4,"h","State","","","","","","","",""
4,"h","State","Cattle","% Total","Calves","% Total","Cattle","% Total","Calves","% Total"
4,"h","","","Predator","","Predator","","Predator","","Predator"
4,"h","","","","","","","","",""
4,"u","","Head","Percent","Head","Percent","Head","Percent","Head","Percent"
4,"d","AL",500,33.3,3200,58.2,300,20.0,1000,18.2
4,"d","AZ",,,600,23.1,,,200,7.7
4,"d","AR",400,22.2,1800,40.0,100,5.6,600,13.3
4,"d","CA",100,7.1,3000,58.8,200,14.3,600,11.8
4,"d","CO",500,71.4,2300,57.5,,,200,5.0
4,"d","CT",,,,,,,,
4,"d","DE",,,,,,,,
4,"d","FL",700,41.2,3600,59.0,,,500,8.2
4,"d","GA",1200,70.6,3400,57.6,100,5.9,700,11.9
4,"d","HI",,,,,100,50.0,200,66.7
4,"d","ID",,,600,30.0,,,100,5.0
4,"d","IL",100,50.0,1100,50.0,100,50.0,300,13.6
4,"d","IN",100,33.3,1000,83.3,,,100,8.3
4,"d","IA",,,1100,78.6,,,100,7.1
4,"d","KS",400,57.1,2000,51.3,100,14.3,700,17.9
4,"d","KY",400,28.6,3700,63.8,300,21.4,400,6.9
4,"d","LA",,,2400,64.9,600,66.7,400,10.8
4,"d","ME",,,,,,,,
4,"d","MD",,,,,,,,
4,"d","MA",,,100,100.0,,,,
4,"d","MI",,,200,50.0,,,,
4,"d","MN",,,700,41.2,,,,
4,"d","MS",,,600,23.1,100,8.3,700,26.9
4,"d","MO",,,1100,27.5,600,42.9,1500,37.5
4,"d","MT",,,1300,54.2,,,100,4.2
4,"d","NE",200,40.0,1700,77.3,,,100,4.5
4,"d","NV",100,50.0,1000,90.9,,,,
4,"d","NH",,,,,,,,
4,"d","NJ",,,,,,,,
4,"d","NM",900,40.9,1900,39.6,100,4.5,200,4.2
4,"d","NY",100,100.0,700,87.5,,,,
4,"d","NC",400,80.0,900,50.0,,,600,33.3
4,"d","ND",100,20.0,1700,73.9,,,,
4,"d","OH",100,25.0,1100,57.9,,,300,15.8
4,"d","OK",800,40.0,4300,44.8,200,10.0,2300,24.0
4,"d","OR",100,25.0,2200,53.7,,,,
4,"d","PA",,,300,15.0,,,,
4,"d","RI",,,,,,,,
4,"d","SC",200,100.0,800,57.1,,,100,7.1
4,"d","SD",200,66.7,1700,73.9,,,200,8.7
4,"d","TN",600,50.0,3500,64.8,,,1100,20.4
4,"d","TX",1700,41.5,21000,60.0,600,14.6,2900,8.3
4,"d","UT",,,1600,64.0,,,,
4,"d","VT",,,100,50.0,,,,
4,"d","VA",600,42.9,1700,44.7,200,14.3,1000,26.3
4,"d","WA",,,600,37.5,,,,
4,"d","WV",,,1300,86.7,,,,
4,"d","WI",,,2000,74.1,,,,
4,"d","WY",100,20.0,2100,60.0,,,100,2.9
4,"d","",,,,,,,,
4,"d","Unpub",400,,,,700,,200,
4,"d","",,,,,,,,
4,"d","US",11000,32.4,86000,55.1,4400,12.9,17500,11.2
4,"c",""
4,"f","1/  Missing data are less than 100 head for the State or not published to avoid disclosure of individual operations.  This data is included in Unpublished States and in United States.  Totals may not add due to rounding."
5,"t","Cattle Death Loss: Released May 5, 2006, by the National Agricultural Statistics Service (NASS), Agricultural Statistics Board, U.S. Department of Agriculture."
5,"t","Losses of Cattle and Calves:  Number and Percent by Mountain Lions,"
5,"t","Bobcats and Other Predators, by State and United States, 2005 1/"
5,"h","","","","","","","","",""
5,"h","","Mountain Lions and Bobcats","Mountain Lions and Bobcats","Mountain Lions and Bobcats","Mountain Lions and Bobcats","Other Predators","Other Predators","Other Predators","Other Predators"
5,"h","","","","","","","","",""
5,"h","State","","","","","","","",""
5,"h","State","Cattle","% Total","Calves","% Total","Cattle","% Total","Calves","% Total"
5,"h","","","Predator","","Predator","","Predator","","Predator"
5,"h","","","","","","","","",""
5,"u","","Head","Percent","Head","Percent","Head","Percent","Head","Percent"
5,"d","AL",,,,,100,6.7,400,7.3
5,"d","AZ",100,14.3,1200,46.2,,,100,3.8
5,"d","AR",100,5.6,300,6.7,100,5.6,300,6.7
5,"d","CA",1000,71.4,1300,25.5,,,,
5,"d","CO",,,600,15.0,100,14.3,200,5.0
5,"d","CT",,,,,,,,
5,"d","DE",,,,,,,,
5,"d","FL",,,,,700,41.2,1100,18.0
5,"d","GA",,,,,100,5.9,400,6.8
5,"d","HI",,,,,,,,
5,"d","ID",,,200,10.0,400,80.0,600,30.0
5,"d","IL",,,,,,,,
5,"d","IN",,,,,100,33.3,,
5,"d","IA",,,,,,,,
5,"d","KS",,,500,12.8,,,100,2.6
5,"d","KY",,,,,200,14.3,200,3.4
5,"d","LA",,,,,,,300,8.1
5,"d","ME",,,,,,,,
5,"d","MD",,,,,,,,
5,"d","MA",,,,,,,,
5,"d","MI",,,,,,,200,50.0
5,"d","MN",,,,,,,800,47.1
5,"d","MS",,,,,,,200,7.7
5,"d","MO",,,200,5.0,700,50.0,1000,25.0
5,"d","MT",,,200,8.3,200,33.3,500,20.8
5,"d","NE",100,20.0,200,9.1,,,,
5,"d","NV",,,100,9.1,,,,
5,"d","NH",,,,,,,,
5,"d","NJ",,,,,,,,
5,"d","NM",700,31.8,1700,35.4,200,9.1,200,4.2
5,"d","NY",,,,,,,,
5,"d","NC",,,,,,,200,11.1
5,"d","ND",,,,,,,,
5,"d","OH",,,,,,,300,15.8
5,"d","OK",100,5.0,700,7.3,400,20.0,1500,15.6
5,"d","OR",200,50.0,1300,31.7,,,,
5,"d","PA",,,,,,,200,10.0
5,"d","RI",,,,,,,,
5,"d","SC",,,,,,,,
5,"d","SD",,,200,8.7,,,,
5,"d","TN",,,,,,,300,5.6
5,"d","TX",200,4.9,1000,2.9,700,17.1,6900,19.7
5,"d","UT",,,300,12.0,,,500,20.0
5,"d","VT",,,,,,,,
5,"d","VA",,,,,400,28.6,600,15.8
5,"d","WA",200,22.2,600,37.5,300,33.3,300,18.8
5,"d","WV",,,,,,,200,13.3
5,"d","WI",,,,,200,66.7,600,22.2
5,"d","WY",100,20.0,400,11.4,300,60.0,900,25.7
5,"d","",,,,,,,,
5,"d","Unpub",400,,500,,400,,400,
5,"d","",,,,,,,,
5,"d","US",3200,9.4,11500,7.4,5600,16.5,19500,12.5
5,"c",""
5,"f","1/  Missing data are less than 100 head for the State or not published to avoid disclosure of individual operations.  Data not published are included in U.S. total.  Totals may not add due to rounding."
5,"f","2/  Includes cougars, pumas, and lynx."
6,"t","Cattle Death Loss: Released May 5, 2006, by the National Agricultural Statistics Service (NASS), Agricultural Statistics Board, U.S. Department of Agriculture."
6,"t","Losses of Cattle and Calves:  Number and Percent by Unknown Predators,"
6,"t","by State and United States, 2005 1/"
6,"h","","","","",""
6,"h","","Unknown Predators","Unknown Predators","Unknown Predators","Unknown Predators"
6,"h","","","","",""
6,"h","State","","%","","%"
6,"h","","Cattle","Total","Calves","Total"
6,"h","","","Predators","","Predators"
6,"h","","","","",""
6,"u","","Head","Percent","Head","Percent"
6,"d","AL",600,40.0,900,16.4
6,"d","AZ",500,71.4,500,19.2
6,"d","AR",1100,61.1,1500,33.3
6,"d","CA",100,7.1,200,3.9
6,"d","CO",,,700,17.5
6,"d","CT",,,,
6,"d","DE",,,,
6,"d","FL",200,11.8,900,14.8
6,"d","GA",300,17.6,1400,23.7
6,"d","HI",,,100,33.3
6,"d","ID",100,20.0,500,25.0
6,"d","IL",,,600,27.3
6,"d","IN",,,,
6,"d","IA",,,,
6,"d","KS",,,600,15.4
6,"d","KY",500,35.7,1500,25.9
6,"d","LA",100,11.1,600,16.2
6,"d","ME",,,,
6,"d","MD",,,,
6,"d","MA",,,,
6,"d","MI",,,,
6,"d","MN",,,200,11.8
6,"d","MS",1000,83.3,1100,42.3
6,"d","MO",,,200,5.0
6,"d","MT",200,33.3,300,12.5
6,"d","NE",,,,
6,"d","NV",,,,
6,"d","NH",,,,
6,"d","NJ",,,,
6,"d","NM",300,13.6,800,16.7
6,"d","NY",,,,
6,"d","NC",100,20.0,100,5.6
6,"d","ND",400,80.0,500,21.7
6,"d","OH",300,75.0,200,10.5
6,"d","OK",500,25.0,800,8.3
6,"d","OR",,,500,12.2
6,"d","PA",1000,100.0,1500,75.0
6,"d","RI",,,,
6,"d","SC",,,400,28.6
6,"d","SD",,,200,8.7
6,"d","TN",400,33.3,500,9.3
6,"d","TX",900,22.0,3200,9.1
6,"d","UT",,,100,4.0
6,"d","VT",,,,
6,"d","VA",200,14.3,500,13.2
6,"d","WA",400,44.4,100,6.3
6,"d","WV",,,,
6,"d","WI",,,100,3.7
6,"d","WY",,,,
6,"d","",,,,
6,"d","Unpub",600,,200,
6,"d","",,,,
6,"d","US",9800,28.8,21500,13.8
6,"c",""
6,"f","1/  Missing data are less than 100 head for the State or not published to avoid disclosure of individual operations.  This data is included in Unpublished States and in United States.  Totals may not add due to rounding."
7,"t","Cattle Death Loss: Released May 5, 2006, by the National Agricultural Statistics Service (NASS), Agricultural Statistics Board, U.S. Department of Agriculture."
7,"t","Losses of Cattle and Calves:  Number and Percent from Digestive"
7,"t","and Respiratory Problems, by State and United States, 2005 1/"
7,"h","","","","","","","","",""
7,"h","","Digestive Problems","Digestive Problems","Digestive Problems","Digestive Problems","Respiratory Problems","Respiratory Problems","Respiratory Problems","Respiratory Problems"
7,"h","","","","","","","","",""
7,"h","","","% Total","","% Total","","% Total","","% Total"
7,"h","State","Cattle","Non-Pred","Calves","Non Pred","Cattle","Non-Pred","Calves","Non-Pred"
7,"h","","","","","","","","",""
7,"u","","Head","Percent","Head","Percent","Head","Percent","Head","Percent"
7,"d","AL",1700,8.7,1300,5.8,1600,8.2,4600,20.4
7,"d","AZ",1900,8.2,4400,22.7,1300,5.6,4900,25.3
7,"d","AR",1700,6.0,3800,9.9,4500,16.0,11300,29.4
7,"d","CA",15000,15.2,62000,38.8,20500,20.8,61000,38.1
7,"d","CO",7800,15.8,10500,20.6,16600,33.7,15200,29.8
7,"d","CT",,,300,30.0,,,300,30.0
7,"d","DE",,,,,,,,
7,"d","FL",1900,8.2,5100,17.6,2100,9.0,6100,21.1
7,"d","GA",1200,6.2,4200,16.7,2600,13.5,6200,24.7
7,"d","HI",,,,,,,,
7,"d","ID",3200,7.7,20000,32.8,6900,16.6,19600,32.1
7,"d","IL",2300,11.1,8600,26.2,5500,26.4,10600,32.3
7,"d","IN",1700,11.6,6800,24.5,3100,21.1,11200,40.3
7,"d","IA",9500,14.6,25000,23.0,27000,41.5,32000,29.5
7,"d","KS",28500,21.2,6600,10.0,77200,57.5,28000,42.4
7,"d","KY",1600,4.8,13300,18.9,5800,17.3,18800,26.8
7,"d","LA",800,3.2,900,5.5,1600,6.4,3900,23.9
7,"d","ME",200,12.5,900,29.0,200,12.5,1100,35.5
7,"d","MD",200,6.7,500,10.2,500,16.7,1800,36.7
7,"d","MA",,,200,22.2,,,300,33.3
7,"d","MI",3400,13.6,17200,36.9,5300,21.2,14100,30.3
7,"d","MN",4300,10.3,28700,35.7,9600,22.9,22200,27.6
7,"d","MS",800,3.8,1100,4.2,2300,11.1,5900,22.3
7,"d","MO",3000,4.4,18200,15.7,8600,12.5,34000,29.3
7,"d","MT",1500,7.7,5500,12.6,3100,16.0,7800,17.9
7,"d","NE",9800,10.4,11400,15.7,43000,45.5,24100,33.1
7,"d","NV",500,8.6,1800,15.1,1000,17.2,5800,48.7
7,"d","NH",100,12.5,200,20.0,,,300,30.0
7,"d","NJ",100,10.0,200,20.0,,,200,20.0
7,"d","NM",1300,5.5,1600,5.3,3300,13.9,6100,20.2
7,"d","NY",5000,14.3,11800,24.0,4800,13.8,22900,46.5
7,"d","NC",1600,11.0,3400,16.8,3500,24.1,3300,16.3
7,"d","ND",900,7.8,7800,20.7,2000,17.4,8300,22.0
7,"d","OH",4900,22.7,11400,36.7,7300,33.8,10400,33.4
7,"d","OK",5600,5.7,9500,7.6,39500,40.3,50000,39.9
7,"d","OR",1600,7.1,9700,25.6,7500,33.2,12600,33.2
7,"d","PA",3200,10.0,12600,29.3,4400,13.8,14000,32.6
7,"d","RI",,,,,,,,
7,"d","SC",400,6.9,1000,11.6,300,5.2,1300,15.1
7,"d","SD",6200,11.8,17200,20.8,13800,26.2,30000,36.3
7,"d","TN",4600,12.5,10100,17.5,5000,13.6,14900,25.9
7,"d","TX",31500,10.6,26000,11.1,54500,18.4,88000,37.4
7,"d","UT",1700,11.4,6300,26.8,2900,19.5,6900,29.4
7,"d","VT",400,6.8,2800,35.9,400,6.8,2100,26.9
7,"d","VA",1500,5.9,5300,10.2,3200,12.5,8700,16.7
7,"d","WA",4000,19.9,5200,24.3,3000,14.9,8500,39.7
7,"d","WV",800,11.6,1000,10.5,600,8.7,1500,15.8
7,"d","WI",6700,10.4,55000,40.1,9200,14.2,45000,32.8
7,"d","WY",1200,11.4,5500,20.0,2700,25.7,6000,21.8
7,"d","",,,,,,,,
7,"d","Unpub",200,,100,,200,,200,
7,"d","",,,,,,,,
7,"d","US",186000,11.1,462000,21.2,418000,24.8,692000,31.8
7,"c",""
7,"f","1/  Missing data are less than 100 head for the State or not published to avoid disclosure of individual operations.  Data not published are included in U.S. total.  Totals may not add due to rounding."
30,"t","Cattle Death Loss: Released May 5, 2006, by the National Agricultural Statistics Service (NASS), Agricultural Statistics Board, U.S. Department of Agriculture."
30,"t","Losses of Cattle and Calves:  Number and Percent from Metabolic Problems"
30,"t","and Mastitis, by State and United States, 2005 1/"
30,"h","","","","","","","","",""
30,"h","","Metabolic Problems","Metabolic Problems","Metabolic Problems","Metabolic Problems","Mastitis","Mastitis","Mastitis","Mastitis"
30,"h","","","","","","","","",""
30,"h","","","% Total","","% Total","","% Total","","% Total"
30,"h","State","Cattle","Non-Pred","Calves","Non-Pred","Cattle","Non-Pred","Calves","Non-Pred"
30,"h","","","","","","","","",""
30,"u","","Head","Percent","Head","Percent","Head","Percent","Head","Percent"
30,"d","AL",300,1.5,600,2.7,200,1.0,,
30,"d","AZ",400,1.7,,,900,3.9,,
30,"d","AR",1300,4.6,600,1.6,200,0.7,,
30,"d","CA",8400,8.5,2200,1.4,14000,14.2,,
30,"d","CO",600,1.2,200,0.4,800,1.6,,
30,"d","CT",,,,,200,22.2,,
30,"d","DE",,,,,,,,
30,"d","FL",800,3.4,500,1.7,800,3.4,,
30,"d","GA",900,4.7,400,1.6,800,4.1,,
30,"d","HI",,,,,,,,
30,"d","ID",1800,4.3,,,1500,3.6,,
30,"d","IL",800,3.8,200,0.6,1000,4.8,,
30,"d","IN",700,4.8,1100,4.0,800,5.4,,
30,"d","IA",800,1.2,800,0.7,1300,2.0,,
30,"d","KS",1700,1.3,200,0.3,900,0.7,,
30,"d","KY",1000,3.0,1000,1.4,500,1.5,,
30,"d","LA",200,0.8,,,300,1.2,,
30,"d","ME",,,,,200,12.5,,
30,"d","MD",200,6.7,,,300,10.0,,
30,"d","MA",,,,,100,10.0,,
30,"d","MI",2100,8.4,100,0.2,2400,9.6,,
30,"d","MN",2300,5.5,400,0.5,2800,6.7,,
30,"d","MS",,,,,600,2.9,,
30,"d","MO",1200,1.7,700,0.6,800,1.2,,
30,"d","MT",200,1.0,300,0.7,,,,
30,"d","NE",800,0.8,100,0.1,,,,
30,"d","NV",200,3.4,,,500,8.6,,
30,"d","NH",,,,,,,,
30,"d","NJ",,,,,,,,
30,"d","NM",3000,12.6,,,5400,22.7,,
30,"d","NY",3900,11.2,200,0.4,5600,16.0,,
30,"d","NC",300,2.1,,,300,2.1,,
30,"d","ND",300,2.6,300,0.8,100,0.9,,
30,"d","OH",1300,6.0,800,2.6,1400,6.5,,
30,"d","OK",900,0.9,600,0.5,400,0.4,,
30,"d","OR",1700,7.5,300,0.8,1700,7.5,,
30,"d","PA",3000,9.4,1000,2.3,3800,11.9,,
30,"d","RI",,,,,,,,
30,"d","SC",,,,,,,,
30,"d","SD",1400,2.7,200,0.2,1900,3.6,,
30,"d","TN",1700,4.6,600,1.0,900,2.4,,
30,"d","TX",2700,0.9,3100,1.3,3500,1.2,,
30,"d","UT",600,4.0,200,0.9,700,4.7,,
30,"d","VT",500,8.5,,,1000,16.9,,
30,"d","VA",700,2.7,100,0.2,800,3.1,,
30,"d","WA",2600,12.9,300,1.4,1400,7.0,,
30,"d","WV",400,5.8,,,,,,
30,"d","WI",7600,11.7,500,0.4,5400,8.3,,
30,"d","WY",200,1.9,,,,,,
30,"d","",,,,,,,,
30,"d","Unpub",500,,400,,800,,,
30,"d","",,,,,,,,
30,"d","US",60000,3.6,18000,0.8,67000,4.0
30,"c",""
30,"f","1/  Missing data are less than 100 head for the State or not published to avoid disclosure of individual operations.  Data not published are included in U.S. total.  Totals may not add due to rounding."
29,"t","Cattle Death Loss: Released May 5, 2006, by the National Agricultural Statistics Service (NASS), Agricultural Statistics Board, U.S. Department of Agriculture."
29,"t","Losses of Cattle and Calves:  Number and Percent from Other Diseases"
29,"t","and Lameness/Injury, by State and United States, 2005 1/"
29,"h","","","","","","","","",""
29,"h","","Other Diseases","Other Diseases","Other Diseases","Other Diseases","Lameness/Injury","Lameness/Injury","Lameness/Injury","Lameness/Injury"
29,"h","","","","","","","","",""
29,"h","","","% Total","","% Total","","% Total","","% Total"
29,"h","State","Cattle","Non-Pred","Calves","Non-Pred","Cattle","Non-Pred","Calves","Non-Pred"
29,"h","","","","","","","","",""
29,"u","","Head","Percent","Head","Percent","Head","Percent","Head","Percent"
29,"d","AL",300,1.5,1000,4.4,900,4.6,800,3.6
29,"d","AZ",300,1.3,2800,14.4,600,2.6,300,1.5
29,"d","AR",1300,4.6,1300,3.4,1000,3.5,900,2.3
29,"d","CA",7500,7.6,3500,2.2,7300,7.4,7300,4.6
29,"d","CO",5800,11.8,1800,3.5,4300,8.7,200,0.4
29,"d","CT",,,,,,,,
29,"d","DE",,,,,,,,
29,"d","FL",1000,4.3,700,2.4,700,3.0,400,1.4
29,"d","GA",600,3.1,700,2.8,1400,7.3,600,2.4
29,"d","HI",,,,,,,,
29,"d","ID",2100,5.1,2500,4.1,2600,6.3,500,0.8
29,"d","IL",600,2.9,900,2.7,2100,10.1,300,0.9
29,"d","IN",600,4.1,800,2.9,900,6.1,500,1.8
29,"d","IA",2500,3.8,4300,4.0,3100,4.8,1000,0.9
29,"d","KS",1900,1.4,2100,3.2,1900,1.4,500,0.8
29,"d","KY",2200,6.5,2800,4.0,1600,4.8,1100,1.6
29,"d","LA",1000,4.0,800,4.9,600,2.4,300,1.8
29,"d","ME",,,,,200,12.5,,
29,"d","MD",200,6.7,200,4.1,300,10.0,,
29,"d","MA",,,,,,,,
29,"d","MI",2800,11.2,4200,9.0,2000,8.0,900,1.9
29,"d","MN",2400,5.7,2900,3.6,4100,9.8,1000,1.2
29,"d","MS",1100,5.3,1100,4.2,700,3.4,500,1.9
29,"d","MO",4500,6.6,4000,3.4,2300,3.4,1600,1.4
29,"d","MT",2200,11.3,1100,2.5,1000,5.2,600,1.4
29,"d","NE",3200,3.4,1000,1.4,3900,4.1,800,1.1
29,"d","NV",,,300,2.5,200,3.4,,
29,"d","NH",,,,,,,,
29,"d","NJ",,,,,,,,
29,"d","NM",2200,9.2,,,300,1.3,1700,5.6
29,"d","NY",2800,8.0,3400,6.9,4300,12.3,700,1.4
29,"d","NC",700,4.8,400,2.0,800,5.5,500,2.5
29,"d","ND",800,7.0,1000,2.7,800,7.0,400,1.1
29,"d","OH",300,1.4,1000,3.2,1000,4.6,300,1.0
29,"d","OK",6800,6.9,6000,4.8,2800,2.9,1500,1.2
29,"d","OR",1600,7.1,800,2.1,1600,7.1,1200,3.2
29,"d","PA",3500,10.9,1900,4.4,3700,11.6,1400,3.3
29,"d","RI",,,,,,,,
29,"d","SC",200,3.4,500,5.8,300,5.2,,
29,"d","SD",4900,9.3,1900,2.3,3200,6.1,700,0.8
29,"d","TN",1000,2.7,4000,6.9,2700,7.3,1300,2.3
29,"d","TX",20000,6.8,6700,2.9,8900,3.0,4800,2.0
29,"d","UT",500,3.4,1200,5.1,500,3.4,,
29,"d","VT",400,6.8,300,3.8,1200,20.3,300,3.8
29,"d","VA",1400,5.5,1700,3.3,1200,4.7,500,1.0
29,"d","WA",1200,6.0,400,1.9,2400,11.9,300,1.4
29,"d","WV",300,4.3,100,1.1,,,200,2.1
29,"d","WI",3300,5.1,3600,2.6,10000,15.5,5800,4.2
29,"d","WY",600,5.7,800,2.9,,,,
29,"d","",,,,,,,,
29,"d","Unpub",400,,500,,600,,300,
29,"d","",,,,,,,,
29,"d","US",97000,5.8,77000,3.5,90000,5.3,42000,1.9
29,"c",""
29,"f","1/  Missing data are less than 100 head for the State or not published to avoid disclosure of individual operations.  Data not published are included in U.S. total.  Totals may not add due to rounding."
31,"t","Cattle Death Loss: Released May 5, 2006, by the National Agricultural Statistics Service (NASS), Agricultural Statistics Board, U.S. Department of Agriculture."
31,"t","Losses of Cattle and Calves:  Number and Percent from Weather Related"
31,"t","and Calving Problems, by State and United States, 2005 1/"
31,"h","","","","","","","","",""
31,"h","","Weather Related","Weather Related","Weather Related","Weather Related","Calving Problems","Calving Problems","Calving Problems","Calving Problems"
31,"h","","","","","","","","",""
31,"h","","","% Total","","% Total","","% Total","","% Total"
31,"h","State","Cattle","Non-Pred","Calves","Non-Pred","Cattle","Non-Pred","Calves","Non-Pred"
31,"h","","","","","","","","",""
31,"u","","Head","Percent","Head","Percent","Head","Percent","Head","Percent"
31,"d","AL",2100,10.8,1100,4.9,4000,20.5,5900,26.2
31,"d","AZ",700,3.0,3000,15.5,1100,4.7,700,3.6
31,"d","AR",1200,4.3,2400,6.2,5700,20.2,9900,25.7
31,"d","CA",2200,2.2,2500,1.6,10300,10.4,6400,4.0
31,"d","CO",1700,3.4,3400,6.7,2700,5.5,14100,27.6
31,"d","CT",,,,,200,22.2,,
31,"d","DE",,,,,,,100,14.3
31,"d","FL",2700,11.6,3100,10.7,3200,13.7,3300,11.4
31,"d","GA",1500,7.8,1800,7.2,4100,21.2,7400,29.5
31,"d","HI",,,200,11.8,200,7.1,100,5.9
31,"d","ID",200,0.5,1100,1.8,3300,8.0,5900,9.7
31,"d","IL",900,4.3,3600,11.0,3000,14.4,5100,15.5
31,"d","IN",500,3.4,1400,5.0,1800,12.2,2900,10.4
31,"d","IA",3500,5.4,9400,8.7,6500,10.0,25000,23.0
31,"d","KS",7200,5.4,7500,11.3,2800,2.1,13200,20.0
31,"d","KY",2500,7.4,4800,6.8,5400,16.1,12500,17.8
31,"d","LA",12700,50.6,6600,40.5,2600,10.4,2100,12.9
31,"d","ME",,,300,9.7,200,12.5,,
31,"d","MD",200,6.7,100,2.0,200,6.7,700,14.3
31,"d","MA",,,,,200,20.0,,
31,"d","MI",300,1.2,1200,2.6,3900,15.6,6200,13.3
31,"d","MN",1500,3.6,4200,5.2,4800,11.5,14000,17.4
31,"d","MS",2100,10.1,4100,15.5,4200,20.2,8400,31.8
31,"d","MO",5700,8.3,13300,11.5,13000,19.0,25100,21.6
31,"d","MT",1200,6.2,10200,23.4,1500,7.7,11300,25.9
31,"d","NE",13300,14.1,12000,16.5,2400,2.5,11900,16.3
31,"d","NV",500,8.6,600,5.0,300,5.2,600,5.0
31,"d","NH",,,,,,,100,10.0
31,"d","NJ",,,,,300,30.0,400,40.0
31,"d","NM",400,1.7,7100,23.5,1900,8.0,7100,23.5
31,"d","NY",500,1.4,1300,2.6,3700,10.6,2600,5.3
31,"d","NC",700,4.8,200,1.0,2000,13.8,5300,26.2
31,"d","ND",1800,15.7,3200,8.5,800,7.0,12500,33.2
31,"d","OH",1100,5.1,1400,4.5,1700,7.9,3800,12.2
31,"d","OK",4400,4.5,3700,3.0,9800,10.0,34000,27.1
31,"d","OR",200,0.9,1400,3.7,1400,6.2,6900,18.2
31,"d","PA",400,1.3,900,2.1,5100,15.9,6500,15.1
31,"d","RI",,,,,,,,
31,"d","SC",300,5.2,600,7.0,1300,22.4,3400,39.5
31,"d","SD",5200,9.9,12200,14.8,2800,5.3,15500,18.7
31,"d","TN",1700,4.6,3400,5.9,7700,20.9,12800,22.2
31,"d","TX",23600,8.0,10500,4.5,44400,15.0,44000,18.7
31,"d","UT",700,4.7,2900,12.3,1000,6.7,3100,13.2
31,"d","VT",,,100,1.3,1000,16.9,600,7.7
31,"d","VA",1100,4.3,4400,8.4,3900,15.2,15300,29.3
31,"d","WA",300,1.5,800,3.7,1300,6.5,3200,15.0
31,"d","WV",400,5.8,2600,27.4,1200,17.4,1800,18.9
31,"d","WI",1500,2.3,4200,3.1,7200,11.1,6200,4.5
31,"d","WY",1000,9.5,6000,21.8,800,7.6,7000,25.5
31,"d","",,,,,,,,
31,"d","Unpub",300,,200,,100,,100,
31,"d","",,,,,,,,
31,"d","US",110000,6.5,165000,7.6,187000,11.1,385000,17.7
31,"c",""
31,"f","1/  Missing data are less than 100 head for the State or not published to avoid disclosure of individual operations.  Data not published are included in U.S. total.  Totals may not add due to rounding."
9,"t","Cattle Death Loss: Released May 5, 2006, by the National Agricultural Statistics Service (NASS), Agricultural Statistics Board, U.S. Department of Agriculture."
9,"t","Losses of Cattle and Calves:  Number and Percent from Poisoning and Theft,"
9,"t","by State and United States, 2005 1/"
9,"h","","","","","","","","",""
9,"h","","Poisoning","Poisoning","Poisoning","Poisoning","Theft","Theft","Theft","Theft"
9,"h","","","","","","","","",""
9,"h","","","% Total","","% Total","","% Total","","% Total"
9,"h","State","Cattle","Non-Pred","Calves","Non Pred","Cattle","Non-Pred","Calves","Non-Pred"
9,"h","","","","","","","","",""
9,"u","","Head","Percent","Head","Percent","Head","Percent","Head","Percent"
9,"d","AL",400,2.1,,,,,200,0.9
9,"d","AZ",900,3.9,200,1.0,,,200,1.0
9,"d","AR",500,1.8,700,1.8,400,1.4,500,1.3
9,"d","CA",200,0.2,,,800,0.8,1900,1.2
9,"d","CO",1900,3.9,200,0.4,,,700,1.4
9,"d","CT",,,,,,,,
9,"d","DE",,,,,,,,
9,"d","FL",1300,5.6,,,100,0.4,,
9,"d","GA",400,2.1,100,0.4,,,,
9,"d","HI",,,,,,,,
9,"d","ID",500,1.2,300,0.5,100,0.2,100,0.2
9,"d","IL",,,400,1.2,,,,
9,"d","IN",,,,,,,,
9,"d","IA",200,0.3,,,,,,
9,"d","KS",800,0.6,400,0.6,500,0.4,100,0.2
9,"d","KY",600,1.8,300,0.4,100,0.3,,
9,"d","LA",,,,,,,,
9,"d","ME",,,,,,,,
9,"d","MD",,,,,,,,
9,"d","MA",100,10.0,,,,,,
9,"d","MI",,,,,,,,
9,"d","MN",200,0.5,,,100,0.2,,
9,"d","MS",200,1.0,200,0.8,,,,
9,"d","MO",1900,2.8,2000,1.7,700,1.0,200,0.2
9,"d","MT",800,4.1,300,0.7,,,300,0.7
9,"d","NE",800,0.8,500,0.7,,,300,0.4
9,"d","NV",200,3.4,,,600,10.3,200,1.7
9,"d","NH",,,,,,,,
9,"d","NJ",,,,,,,,
9,"d","NM",700,2.9,600,2.0,,,,
9,"d","NY",100,0.3,,,,,,
9,"d","NC",,,,,,,,
9,"d","ND",100,0.9,,,200,1.7,,
9,"d","OH",500,2.3,800,2.6,,,,
9,"d","OK",200,0.2,1100,0.9,900,0.9,1100,0.9
9,"d","OR",400,1.8,600,1.6,,,100,0.3
9,"d","PA",300,0.9,300,0.7,,,,
9,"d","RI",,,,,,,,
9,"d","SC",,,,,300,5.2,,
9,"d","SD",200,0.4,300,0.4,400,0.8,400,0.5
9,"d","TN",400,1.1,800,1.4,,,600,1.0
9,"d","TX",4500,1.5,1500,0.6,3300,1.1,1800,0.8
9,"d","UT",1200,8.1,300,1.3,500,3.4,,
9,"d","VT",100,1.7,,,,,,
9,"d","VA",500,2.0,500,1.0,100,0.4,1200,2.3
9,"d","WA",100,0.5,,,300,1.5,,
9,"d","WV",400,5.8,,,,,100,1.1
9,"d","WI",400,0.6,2600,1.9,,,,
9,"d","WY",800,7.6,700,2.5,100,1.0,500,1.8
9,"d","",,,,,,,,
9,"d","Unpub",200,,300,,500,,500,
9,"d","",,,,,,,,
9,"d","US",23000,1.4,16000,0.7,10000,0.6,11000,0.5
9,"c",""
9,"f","1/  Missing data are less than 100 head for the State or not published to avoid disclosure of individual operations.  Data not published are included in U.S. total.  Totals may not add due to rounding."
10,"t","Cattle Death Loss: Released May 5, 2006, by the National Agricultural Statistics Service (NASS), Agricultural Statistics Board, U.S. Department of Agriculture."
10,"t","Losses of Cattle and Calves:  Number from Other and Unknown Causes,"
10,"t","by State and United States, 2005 1/"
10,"h","","","","","","","","",""
10,"h","","Other Non-Predator","Other Non-Predator","Other Non-Predator","Other Non-Predator","Unknown Non-Predator","Unknown Non-Predator","Unknown Non-Predator","Unknown Non-Predator"
10,"h","","","","","","","","",""
10,"h","","","% Total","","% Total","","% Total","","% Total"
10,"h","State","Cattle","Non-Pred","Calves","Non-Pred","Cattle","Non-Pred","Calves","Non-Pred"
10,"h","","","","","","","","",""
10,"u","","Head","Percent","Head","Percent","Head","Percent","Head","Percent"
10,"d","AL",4900,25.1,1700,7.6,3100,15.9,5300,23.6
10,"d","AZ",500,2.1,,,14700,63.1,2700,13.9
10,"d","AR",5200,18.4,1000,2.6,5200,18.4,6100,15.8
10,"d","CA",6600,6.7,3800,2.4,5800,5.9,9300,5.8
10,"d","CO",3200,6.5,700,1.4,3900,7.9,4000,7.8
10,"d","CT",100,11.1,,,,,,
10,"d","DE",,,,,400,66.7,500,71.4
10,"d","FL",4200,18.0,900,3.1,4500,19.3,8600,29.8
10,"d","GA",4600,23.8,500,2.0,1200,6.2,3200,12.7
10,"d","HI",400,14.3,200,11.8,1900,67.9,1100,64.7
10,"d","ID",2000,4.8,1000,1.6,17300,41.7,10000,16.4
10,"d","IL",2800,13.5,200,0.6,1800,8.7,2900,8.8
10,"d","IN",1600,10.9,800,2.9,3000,20.4,2200,7.9
10,"d","IA",6300,9.7,5000,4.6,4300,6.6,6100,5.6
10,"d","KS",7900,5.9,2500,3.8,3000,2.2,5000,7.6
10,"d","KY",4700,14.0,1200,1.7,7600,22.6,14400,20.5
10,"d","LA",2600,10.4,300,1.8,2600,10.4,1400,8.6
10,"d","ME",200,12.5,100,3.2,200,12.5,600,19.4
10,"d","MD",100,3.3,,,800,26.7,1600,32.7
10,"d","MA",,,100,11.1,,,,
10,"d","MI",1200,4.8,400,0.9,1500,6.0,2300,4.9
10,"d","MN",5100,12.2,3400,4.2,4700,11.2,3500,4.4
10,"d","MS",5900,28.4,1100,4.2,2700,13.0,4000,15.2
10,"d","MO",16200,23.6,6800,5.9,10700,15.6,10100,8.7
10,"d","MT",3500,18.0,900,2.1,4200,21.6,5300,12.2
10,"d","NE",6300,6.7,1900,2.6,10600,11.2,8800,12.1
10,"d","NV",600,10.3,200,1.7,1200,20.7,2400,20.2
10,"d","NH",200,25.0,200,20.0,,,200,20.0
10,"d","NJ",100,10.0,,,200,20.0,,
10,"d","NM",3700,15.5,300,1.0,1600,6.7,5300,17.5
10,"d","NY",2300,6.6,2600,5.3,1900,5.4,3700,7.5
10,"d","NC",1600,11.0,500,2.5,3000,20.7,6400,31.7
10,"d","ND",2200,19.1,600,1.6,1500,13.0,3400,9.0
10,"d","OH",900,4.2,,,1200,5.6,1100,3.5
10,"d","OK",15200,15.5,3200,2.6,11500,11.7,14700,11.7
10,"d","OR",2200,9.7,800,2.1,2700,11.9,3500,9.2
10,"d","PA",1500,4.7,400,0.9,3100,9.7,4000,9.3
10,"d","RI",,,,,,,,
10,"d","SC",1300,22.4,200,2.3,1200,20.7,1600,18.6
10,"d","SD",6400,12.1,800,1.0,6300,12.0,3500,4.2
10,"d","TN",5800,15.8,2100,3.6,5300,14.4,7000,12.2
10,"d","TX",55300,18.7,7600,3.2,43700,14.8,41000,17.4
10,"d","UT",1900,12.8,500,2.1,2700,18.1,1900,8.1
10,"d","VT",300,5.1,400,5.1,600,10.2,1100,14.1
10,"d","VA",4000,15.6,1100,2.1,7200,28.1,13400,25.7
10,"d","WA",1400,7.0,700,3.3,2100,10.4,2000,9.3
10,"d","WV",1600,23.2,500,5.3,900,13.0,1600,16.8
10,"d","WI",3200,4.9,1500,1.1,10200,15.8,12900,9.4
10,"d","WY",3100,29.5,1000,3.6,,,,
10,"d","",,,,,,,,
10,"d","Unpub",100,,300,,200,,300,
10,"d","",,,,,,,,
10,"d","US",211000,12.5,60000,2.8,224000,13.3,250000,11.5
10,"c",""
10,"f","1/  Missing data are less than 100 head for the State or not published to avoid disclosure of individual operations.  Data not published are included in U.S. total.  Totals may not add due to rounding."
28,"t","Cattle Death Loss: Released May 5, 2006, by the National Agricultural Statistics Service (NASS), Agricultural Statistics Board, U.S. Department of Agriculture."
28,"t","Non-Lethal Methods Used to Prevent Losses of Cattle and Calves to Predators,"
28,"t","by State and United States, 2005 1/ 2/"
28,"h","","","","","",""
28,"h","","Guard","Exclusion","","Night","Frequent"
28,"h","State","Animals","Fencing","Herding","Penning","Checks"
28,"h","","","","","",""
28,"u","","Percent","Percent","Percent","Percent","Percent"
28,"d","AL",48.8,55.5,4.4,0.2,9.6
28,"d","AZ",35.5,53.2,14.3,22.9,38.2
28,"d","AR",37.7,37.8,2.2,,24.0
28,"d","CA",20.1,66.3,0.9,5.1,8.2
28,"d","CO",16.5,27.0,7.6,9.6,38.9
28,"d","CT",12.7,27.0,4.8,69.8,52.3
28,"d","DE",,,,,
28,"d","FL",51.1,23.1,5.2,0.1,26.0
28,"d","GA",42.3,57.7,2.1,3.6,12.0
28,"d","HI",1.7,84.1,4.5,,10.7
28,"d","ID",16.9,14.8,1.7,1.4,60.9
28,"d","IL",40.1,55.2,5.0,11.9,26.1
28,"d","IN",23.7,17.1,2.3,19.6,47.2
28,"d","IA",15.4,15.9,,3.2,64.0
28,"d","KS",7.2,45.9,2.7,,13.8
28,"d","KY",33.1,49.1,2.8,3.9,7.8
28,"d","LA",25.2,52.3,10.8,1.8,13.5
28,"d","ME",,77.8,,20.7,0.8
28,"d","MD",,,,,
28,"d","MA",25.2,63.3,,30.3,
28,"d","MI",70.8,29.4,6.4,0.8,12.6
28,"d","MN",61.9,40.2,2.5,6.3,20.2
28,"d","MS",30.0,25.0,,0.5,3.1
28,"d","MO",57.4,21.9,5.4,1.1,15.5
28,"d","MT",21.8,21.1,9.6,9.9,31.4
28,"d","NE",8.5,42.7,7.5,2.4,47.9
28,"d","NV",,1.6,,26.1,56.9
28,"d","NH",0.3,2.4,,97.1,
28,"d","NJ",40.3,70.2,15.6,43.6,23.5
28,"d","NM",8.6,29.5,5.3,13.9,37.0
28,"d","NY",,12.2,77.0,8.2,70.5
28,"d","NC",22.3,46.7,8.7,8.1,36.3
28,"d","ND",34.5,19.7,0.3,6.0,29.0
28,"d","OH",22.9,45.9,0.3,7.6,12.3
28,"d","OK",49.2,32.9,6.8,0.2,23.3
28,"d","OR",26.2,32.0,1.4,5.9,25.5
28,"d","PA",46.0,40.5,9.0,17.9,28.5
28,"d","RI",,,,,
28,"d","SC",70.0,24.2,0.4,,8.1
28,"d","SD",21.9,4.6,2.7,33.6,14.7
28,"d","TN",32.9,19.2,6.5,3.6,28.8
28,"d","TX",62.9,17.3,0.9,10.2,15.2
28,"d","UT",32.3,49.3,47.9,13.0,21.8
28,"d","VT",64.8,33.0,,,
28,"d","VA",29.6,48.9,0.1,1.1,18.7
28,"d","WA",43.8,48.1,,0.2,43.1
28,"d","WV",38.0,30.4,1.9,3.5,52.5
28,"d","WI",54.3,28.1,,9.5,10.1
28,"d","WY",20.9,20.5,10.0,21.6,48.0
28,"d","",,,,,
28,"d","US",38.0,34.0,3.8,9.7,21.8
28,"c",""
28,"f","1/  Missing data are not published to avoid disclosure of individual operations."
28,"f","2/  Use of multiple non-lethal methods may result in percentages summing to greater than 100."
22,"t","Cattle Death Loss: Released May 5, 2006, by the National Agricultural Statistics Service (NASS), Agricultural Statistics Board, U.S. Department of Agriculture."
22,"t","Non-Lethal Methods Used to Prevent Losses of Cattle and Calves to Predators,"
22,"t","by State and United States, 2005 1/ 2/"
22,"h","","","","",""
22,"h","","Fright","Livestock","","Other"
22,"h","State","Tactics","Carcass Removal","Culling","Non-lethal"
22,"h","","","","",""
22,"u","","Percent","Percent","Percent","Percent"
22,"d","AL",2.6,11.5,8.2,2.0
22,"d","AZ",11.8,13.8,40.7,1.2
22,"d","AR",13.4,13.5,14.6,5.7
22,"d","CA",,10.6,35.5,6.3
22,"d","CO",7.0,15.5,14.3,0.1
22,"d","CT",,17.5,17.5,12.7
22,"d","DE",,,,
22,"d","FL",0.5,20.4,29.3,0.1
22,"d","GA",0.4,6.6,10.4,5.4
22,"d","HI",1.7,9.1,7.9,8.0
22,"d","ID",20.6,15.0,16.8,6.0
22,"d","IL",,17.0,26.7,
22,"d","IN",5.7,26.7,36.4,0.1
22,"d","IA",,2.2,3.3,7.1
22,"d","KS",,22.1,30.2,0.2
22,"d","KY",,1.1,4.3,12.5
22,"d","LA",2.2,14.5,3.4,13.8
22,"d","ME",,2.2,2.2,
22,"d","MD",,,,
22,"d","MA",,,,6.5
22,"d","MI",,15.6,9.1,1.6
22,"d","MN",3.2,13.0,19.0,5.5
22,"d","MS",3.1,13.1,25.6,4.3
22,"d","MO",1.5,11.0,12.5,4.6
22,"d","MT",7.8,18.5,31.7,11.7
22,"d","NE",2.5,50.4,41.1,4.0
22,"d","NV",15.4,30.9,30.9,
22,"d","NH",,,,0.2
22,"d","NJ",3.4,18.9,3.4,6.3
22,"d","NM",25.5,44.4,31.5,2.0
22,"d","NY",9.2,74.4,89.2,17.2
22,"d","NC",3.1,27.4,39.7,1.0
22,"d","ND",2.8,16.4,19.4,11.8
22,"d","OH",4.1,6.8,12.2,15.4
22,"d","OK",2.5,29.4,5.9,11.2
22,"d","OR",1.6,41.4,47.6,4.3
22,"d","PA",2.9,18.2,22.4,4.7
22,"d","RI",,,,
22,"d","SC",0.7,5.5,5.2,
22,"d","SD",4.4,22.7,28.6,12.0
22,"d","TN",0.8,32.3,30.1,5.9
22,"d","TX",0.1,5.2,15.3,8.4
22,"d","UT",,4.5,38.0,
22,"d","VT",,,1.5,0.7
22,"d","VA",,28.2,42.1,13.9
22,"d","WA",4.2,13.6,14.1,13.7
22,"d","WV",,4.7,19.9,6.5
22,"d","WI",2.6,14.7,9.4,6.8
22,"d","WY",0.5,32.7,42.0,12.2
22,"d","",,,,
22,"d","US",3.0,16.5,19.6,6.2
22,"c",""
22,"f","1/  Missing data are not published to avoid disclosure of individual operations."
22,"f","2/  Use of multiple non-lethal methods may result in percentages summing to greater than 100."
